contig_id	type	start	stop	strand	locus_tag	gene	product	db_xrefs	id	assembly	s	color	feat_id	seq_id	end
NZ_AP019008.1	CDS	7612	8976	-	EHOPIB_00050	lanP	Leader peptidase	RefSeq:WP_094750999.1, SO:0001217, UniParc:UPI000929038B, UniRef:UniRef100_A0A1L8CIE6, UniRef:UniRef50_A0A1L8CIE6, UniRef:UniRef90_A0A1L8CIE6	Apilactobacillus_kunkeei.tsv	Apilactobacillus_kunkeei	-917	#603C9A	EHOPIB_00050	Apilactobacillus kunkeei	8976
NZ_AP019008.1	CDS	9083	9277	-	EHOPIB_00055	lanA	Lantibiotic	KEGG:K20482, RefSeq:WP_094751000.1, SO:0001217, UniParc:UPI00092A402D, UniRef:UniRef100_A0A1L8CID9, UniRef:UniRef50_A0A1L8CID9, UniRef:UniRef90_A0A1L8CID9	Apilactobacillus_kunkeei.tsv	Apilactobacillus_kunkeei	-917	black	EHOPIB_00055	Apilactobacillus kunkeei	9277
NZ_AP019008.1	CDS	9356	10669	-	EHOPIB_00060	lanB	Lanthionine synthetase C-like protein	RefSeq:WP_094751001.1, SO:0001217, UniParc:UPI00092A5C37, UniRef:UniRef100_A0A1L8CIE2, UniRef:UniRef50_A0A0N0CQW5, UniRef:UniRef90_A0A0N0CQW5	Apilactobacillus_kunkeei.tsv	Apilactobacillus_kunkeei	-917	#0072BC	EHOPIB_00060	Apilactobacillus kunkeei	10669
NZ_AP019008.1	CDS	10662	12395	-	EHOPIB_00065	lanFEGEG	ABC transporter ATP-binding protein	RefSeq:WP_094751002.1, SO:0001217, UniParc:UPI0009275ACE, UniRef:UniRef100_A0A1L8CIH5, UniRef:UniRef50_A0A0M9D793, UniRef:UniRef90_A0A0M9D793	Apilactobacillus_kunkeei.tsv	Apilactobacillus_kunkeei	-917	#d61c1c	EHOPIB_00065	Apilactobacillus kunkeei	12395
NZ_AP019008.1	CDS	12511	13194	+	EHOPIB_00070	lanFEGEG	ABC transporter ATP-binding protein	RefSeq:WP_094751003.1, SO:0001217, UniParc:UPI00092AD69E, UniRef:UniRef100_A0A1L8CIF8, UniRef:UniRef50_A0A0D3Q8P4, UniRef:UniRef90_A0A1L8CIF8	Apilactobacillus_kunkeei.tsv	Apilactobacillus_kunkeei	-917	#d61c1c	EHOPIB_00070	Apilactobacillus kunkeei	13194
NZ_AP019008.1	CDS	13197	13922	+	EHOPIB_00075	lanFEGEG	Lantibiotic immunity ABC transporter MutG family permease subunit	RefSeq:WP_094751004.1, SO:0001217, UniParc:UPI00092A92FE, UniRef:UniRef100_A0A1L8CIG3, UniRef:UniRef50_A0A0N1IZH8, UniRef:UniRef90_A0A0N1IZH8	Apilactobacillus_kunkeei.tsv	Apilactobacillus_kunkeei	-917	#d61c1c	EHOPIB_00075	Apilactobacillus kunkeei	13922
NZ_AP019008.1	CDS	13919	14656	+	EHOPIB_00080	lanFEGEG	Lantibiotic immunity ABC transporter MutG family permease subunit	RefSeq:WP_094751005.1, SO:0001217, UniParc:UPI000927A18C, UniRef:UniRef100_A0A1L8CIE0, UniRef:UniRef50_A0A0M9D749, UniRef:UniRef90_A0A0M9D749	Apilactobacillus_kunkeei.tsv	Apilactobacillus_kunkeei	-917	#d61c1c	EHOPIB_00080	Apilactobacillus kunkeei	14656
NZ_AP019008.1	CDS	14667	17657	+	EHOPIB_00085	lanB	Thiopeptide-type bacteriocin biosynthesis domain-containing protein	RefSeq:WP_094751006.1, SO:0001217, UniParc:UPI000928970C, UniRef:UniRef100_A0A1L8CIF3, UniRef:UniRef50_A0A0M9D7M3, UniRef:UniRef90_A0A0M9D7M3	Apilactobacillus_kunkeei.tsv	Apilactobacillus_kunkeei	-917	#0072BC	EHOPIB_00085	Apilactobacillus kunkeei	17657
NZ_AP019008.1	CDS	17885	19342	+	EHOPIB_00090	""	PIN-8 domain-containing protein	SO:0001217, UniParc:UPI000928640A, UniRef:UniRef100_A0A1L8CID3, UniRef:UniRef50_A0A1L8CID3, UniRef:UniRef90_A0A1L8CID3	Apilactobacillus_kunkeei.tsv	Apilactobacillus_kunkeei	-917	cornsilk	EHOPIB_00090	Apilactobacillus kunkeei	19342
NZ_QSOL01000028.1	CDS	8557	9069	+	ALOGBI_10450	lanRK	helix-turn-helix domain-containing protein	RefSeq:WP_243000702.1, SO:0001217, UniParc:UPI001FA8A12E, UniRef:UniRef100_UPI001FA8A12E, UniRef:UniRef50_A0A351R2M1, UniRef:UniRef90_UPI001FA8A12E	GCF_003436075.1.tsv	GCF_003436075.1	8088	#FFD54E	ALOGBI_10450	Blautia Obeum nisin-O1-4	9069
NZ_QSOL01000028.1	CDS	9053	9610	+	ALOGBI_10455	lanA	Bacteriocin	RefSeq:WP_117640211.1, SO:0001217, UniParc:UPI000E432ABD, UniRef:UniRef100_A0A413YMG1, UniRef:UniRef50_A0A413YMG1, UniRef:UniRef90_A0A413YMG1	GCF_003436075.1.tsv	GCF_003436075.1	8088	black	ALOGBI_10455	Blautia Obeum nisin-O1-4	9610
NZ_QSOL01000028.1	CDS	9730	10347	-	ALOGBI_10460	""	PBECR4 domain-containing protein	RefSeq:WP_117640213.1, SO:0001217, UniParc:UPI000E436250, UniRef:UniRef100_A0A413YMJ9, UniRef:UniRef50_A5ZTD8, UniRef:UniRef90_A5ZTD8	GCF_003436075.1.tsv	GCF_003436075.1	8088	cornsilk	ALOGBI_10460	Blautia Obeum nisin-O1-4	10347
NZ_QSOL01000028.1	CDS	11408	11503	+	ALOGBI_10465	""	hypothetical protein	""	GCF_003436075.1.tsv	GCF_003436075.1	8088	cornsilk	ALOGBI_10465	Blautia Obeum nisin-O1-4	11503
NZ_QSOL01000028.1	CDS	11685	12389	+	ALOGBI_10470	lanFEGEG	NsoF	RefSeq:WP_117640217.1, SO:0001217, UniParc:UPI000E442D90, UniRef:UniRef100_A0A413YMJ0, UniRef:UniRef50_P0C0E3, UniRef:UniRef90_A0A286N5U9	GCF_003436075.1.tsv	GCF_003436075.1	8088	#d61c1c	ALOGBI_10470	Blautia Obeum nisin-O1-4	12389
NZ_QSOL01000028.1	CDS	12389	13108	+	ALOGBI_10475	lanFEGEG	Lantibiotic immunity ABC transporter MutE/EpiE family permease subunit	KEGG:K20491, RefSeq:WP_117640219.1, SO:0001217, UniParc:UPI000E452303, UniRef:UniRef100_A0A413YMG2, UniRef:UniRef50_A0A286N5V0, UniRef:UniRef90_A0A286N5V0	GCF_003436075.1.tsv	GCF_003436075.1	8088	#d61c1c	ALOGBI_10475	Blautia Obeum nisin-O1-4	13108
NZ_QSOL01000028.1	CDS	13105	13866	+	ALOGBI_10480	lanFEGEG	Lantibiotic immunity ABC transporter MutG family permease subunit	KEGG:K20492, RefSeq:WP_117640221.1, SO:0001217, UniParc:UPI000E4325FD, UniRef:UniRef100_UPI000E4325FD, UniRef:UniRef50_A0A286N5V1, UniRef:UniRef90_A0A286N5V1	GCF_003436075.1.tsv	GCF_003436075.1	8088	#d61c1c	ALOGBI_10480	Blautia Obeum nisin-O1-4	13866
NZ_QSOL01000028.1	CDS	13856	14692	+	ALOGBI_10485	lanI	NsoI	KEGG:K20489, RefSeq:WP_117640223.1, SO:0001217, UniParc:UPI000E449DB1, UniRef:UniRef100_A0A413YME7, UniRef:UniRef50_A0A286N5V2, UniRef:UniRef90_A0A286N5V2	GCF_003436075.1.tsv	GCF_003436075.1	8088	#d61c1c	ALOGBI_10485	Blautia Obeum nisin-O1-4	14692
NZ_QSOL01000028.1	CDS	14754	15419	+	ALOGBI_10490	""	Stage 0 sporulation A-like protein	RefSeq:WP_117640225.1, SO:0001217, UniParc:UPI000E451DB9, UniRef:UniRef100_A0A413YMH8, UniRef:UniRef50_P33112, UniRef:UniRef90_A0A286N5V3	GCF_003436075.1.tsv	GCF_003436075.1	8088	cornsilk	ALOGBI_10490	Blautia Obeum nisin-O1-4	15419
NZ_QSOL01000028.1	CDS	15410	16768	+	ALOGBI_10495	""	histidine kinase	RefSeq:WP_117640227.1, SO:0001217, UniParc:UPI000E432874, UniRef:UniRef100_UPI000E432874, UniRef:UniRef50_A0A286N5V4, UniRef:UniRef90_A0A286N5V4	GCF_003436075.1.tsv	GCF_003436075.1	8088	#FFD54E	ALOGBI_10495	Blautia Obeum nisin-O1-4	16768
NZ_QSOL01000028.1	CDS	16899	17087	-	ALOGBI_10500	""	SMI1/KNR4 family protein	RefSeq:WP_117640229.1, SO:0001217, UniParc:UPI000E440F80, UniRef:UniRef100_A0A413YMG5, UniRef:UniRef50_A0A0E2HFF3, UniRef:UniRef90_A0A413YMG5	GCF_003436075.1.tsv	GCF_003436075.1	8088	cornsilk	ALOGBI_10500	Blautia Obeum nisin-O1-4	17087
NZ_QSOL01000028.1	CDS	17923	18063	+	ALOGBI_10505	lanA	Gallidermin/nisin family lantibiotic	RefSeq:WP_117640231.1, SO:0001217, UniParc:UPI000E434CF3, UniRef:UniRef100_A0A413YMF1, UniRef:UniRef50_A0A413YMF1, UniRef:UniRef90_A0A413YMF1	GCF_003436075.1.tsv	GCF_003436075.1	8088	black	ALOGBI_10505	Blautia Obeum nisin-O1-4	18063
NZ_QSOL01000028.1	CDS	18088	18258	+	ALOGBI_10510	lanA	Gallidermin/nisin family lantibiotic	RefSeq:WP_117640233.1, SO:0001217, UniParc:UPI000E42D3CA, UniRef:UniRef100_A0A413YMI9, UniRef:UniRef50_K7X0T6, UniRef:UniRef90_A0A286N5V7	GCF_003436075.1.tsv	GCF_003436075.1	8088	black	ALOGBI_10510	Blautia Obeum nisin-O1-4	18258
NZ_QSOL01000028.1	CDS	18282	18452	+	ALOGBI_10515	lanA	Gallidermin/nisin family lantibiotic	RefSeq:WP_117640235.1, SO:0001217, UniParc:UPI000BC09CE1, UniRef:UniRef100_A0A286N5V7, UniRef:UniRef50_K7X0T6, UniRef:UniRef90_A0A286N5V7	GCF_003436075.1.tsv	GCF_003436075.1	8088	black	ALOGBI_10515	Blautia Obeum nisin-O1-4	18452
NZ_VANM01000008.1	CDS	81342	81515	+	FBLNFP_12210	lanA	Lantibiotic	KEGG:K20482, RefSeq:WP_139008740.1, SO:0001217, UniParc:UPI000022DDEE, UniRef:UniRef100_Q76HP8, UniRef:UniRef50_P13068, UniRef:UniRef90_Q76HP8	GCF_006146065.1.tsv	GCF_006146065.1	71342	black	FBLNFP_12210	Lactococcus lactis nisin-Q	81515
NZ_VANM01000008.1	CDS	81622	84603	+	FBLNFP_12215	lanB	Lantibiotic dehydratase	SO:0001217, UniRef:UniRef50_P20103, UniRef:UniRef90_B5MET7	GCF_006146065.1.tsv	GCF_006146065.1	71342	#0072BC	FBLNFP_12215	Lactococcus lactis nisin-Q	84603
NZ_VANM01000008.1	CDS	84614	86416	+	FBLNFP_12220	lanT	Nisin transport ATP-binding protein NisT	GO:0005524, GO:0005886, GO:0015031, GO:0043213, GO:0140359, RefSeq:WP_139008741.1, SO:0001217, UniParc:UPI0001815FE4, UniRef:UniRef100_B5MET8, UniRef:UniRef50_Q03203, UniRef:UniRef90_Q03203	GCF_006146065.1.tsv	GCF_006146065.1	71342	#d61c1c	FBLNFP_12220	Lactococcus lactis nisin-Q	86416
NZ_VANM01000008.1	CDS	86409	87650	+	FBLNFP_12225	lanC	Lantibiotic cyclase	KEGG:K20484, RefSeq:WP_139008742.1, SO:0001217, UniParc:UPI0001815FE5, UniRef:UniRef100_B5MET9, UniRef:UniRef50_Q03202, UniRef:UniRef90_B5MET9	GCF_006146065.1.tsv	GCF_006146065.1	71342	#0072BC	FBLNFP_12225	Lactococcus lactis nisin-Q	87650
NZ_VANM01000008.1	CDS	87647	88384	+	FBLNFP_12230	lanI	Immunity protein	KEGG:K20489, RefSeq:WP_139008743.1, SO:0001217, UniParc:UPI0001815FE6, UniRef:UniRef100_B5MEU0, UniRef:UniRef50_P42708, UniRef:UniRef90_B5MEU0	GCF_006146065.1.tsv	GCF_006146065.1	71342	#d61c1c	FBLNFP_12230	Lactococcus lactis nisin-Q	88384
NZ_VANM01000008.1	CDS	88386	90473	+	FBLNFP_12235	lanP	Leader peptide-processing serine protease	RefSeq:WP_139008744.1, SO:0001217, UniParc:UPI0011114CD6, UniRef:UniRef100_UPI0011114CD6, UniRef:UniRef50_Q07596, UniRef:UniRef90_B5MEU1	GCF_006146065.1.tsv	GCF_006146065.1	71342	#603C9A	FBLNFP_12235	Lactococcus lactis nisin-Q	90473
NZ_VANM01000008.1	CDS	90539	91225	+	FBLNFP_12240	lanRK	Response regulator	RefSeq:WP_139008745.1, SO:0001217, UniParc:UPI0011115501, UniRef:UniRef100_UPI0011115501, UniRef:UniRef50_Q07597, UniRef:UniRef90_B5MEU2	GCF_006146065.1.tsv	GCF_006146065.1	71342	#FFD54E	FBLNFP_12240	Lactococcus lactis nisin-Q	91225
NZ_VANM01000008.1	CDS	91218	92561	+	FBLNFP_12245	lanRK	histidine kinase	RefSeq:WP_139008746.1, SO:0001217, UniParc:UPI0011112DDE, UniRef:UniRef100_UPI0011112DDE, UniRef:UniRef50_P42707, UniRef:UniRef90_B5MEU3	GCF_006146065.1.tsv	GCF_006146065.1	71342	#FFD54E	FBLNFP_12245	Lactococcus lactis nisin-Q	92561
NZ_VANM01000008.1	CDS	86409	87650	+	FBLNFP_12225	lanC	Lantibiotic cyclase	KEGG:K20484, RefSeq:WP_139008742.1, SO:0001217, UniParc:UPI0001815FE5, UniRef:UniRef100_B5MET9, UniRef:UniRef50_Q03202, UniRef:UniRef90_B5MET9	GCF_006146065.1.tsv	GCF_006146065.1	84798	cornsilk	FBLNFP_12225	Lactococcus lactis nisin-Q	87650
NZ_VANM01000008.1	CDS	87647	88384	+	FBLNFP_12230	lanP	Immunity protein	KEGG:K20489, RefSeq:WP_139008743.1, SO:0001217, UniParc:UPI0001815FE6, UniRef:UniRef100_B5MEU0, UniRef:UniRef50_P42708, UniRef:UniRef90_B5MEU0	GCF_006146065.1.tsv	GCF_006146065.1	84798	#d61c1c	FBLNFP_12230	Lactococcus lactis nisin-Q	88384
NZ_VANM01000008.1	CDS	88386	90473	+	FBLNFP_12235	lanP	Leader peptide-processing serine protease	RefSeq:WP_139008744.1, SO:0001217, UniParc:UPI0011114CD6, UniRef:UniRef100_UPI0011114CD6, UniRef:UniRef50_Q07596, UniRef:UniRef90_B5MEU1	GCF_006146065.1.tsv	GCF_006146065.1	84798	#603C9A	FBLNFP_12235	Lactococcus lactis nisin-Q	90473
NZ_VANM01000008.1	CDS	90539	91225	+	FBLNFP_12240	lanRK	Response regulator	RefSeq:WP_139008745.1, SO:0001217, UniParc:UPI0011115501, UniRef:UniRef100_UPI0011115501, UniRef:UniRef50_Q07597, UniRef:UniRef90_B5MEU2	GCF_006146065.1.tsv	GCF_006146065.1	84798	#FFD54E	FBLNFP_12240	Lactococcus lactis nisin-Q	91225
NZ_VANM01000008.1	CDS	91218	92561	+	FBLNFP_12245	lanRK	histidine kinase	RefSeq:WP_139008746.1, SO:0001217, UniParc:UPI0011112DDE, UniRef:UniRef100_UPI0011112DDE, UniRef:UniRef50_P42707, UniRef:UniRef90_B5MEU3	GCF_006146065.1.tsv	GCF_006146065.1	84798	#FFD54E	FBLNFP_12245	Lactococcus lactis nisin-Q	92561
NZ_VANM01000008.1	CDS	92659	93336	+	FBLNFP_12250	lanFEG	Nisin transport protein NisF	RefSeq:WP_139008747.1, SO:0001217, UniParc:UPI0001815FEA, UniRef:UniRef100_B5MEU4, UniRef:UniRef50_A0A447UD57, UniRef:UniRef90_D2BR06	GCF_006146065.1.tsv	GCF_006146065.1	84798	cornsilk	FBLNFP_12250	Lactococcus lactis nisin-Q	93336
NZ_VANM01000008.1	CDS	93338	94066	+	FBLNFP_12255		Immunity protein	KEGG:K20491, RefSeq:WP_139008748.1, SO:0001217, UniParc:UPI001111302B, UniRef:UniRef100_UPI001111302B, UniRef:UniRef50_T1ZFU3, UniRef:UniRef90_B5MEU5	GCF_006146065.1.tsv	GCF_006146065.1	84798	#d61c1c	FBLNFP_12255	Lactococcus lactis nisin-Q	94066
NZ_VANM01000008.1	CDS	94053	94697	+	FBLNFP_12260	""	Immunity protein	KEGG:K20492, RefSeq:WP_139008749.1, SO:0001217, UniParc:UPI0011113DEA, UniRef:UniRef100_UPI0011113DEA, UniRef:UniRef50_H5SXK4, UniRef:UniRef90_B5MEU6	GCF_006146065.1.tsv	GCF_006146065.1	84798	#d61c1c	FBLNFP_12260	Lactococcus lactis nisin-Q	94697
NZ_VANM01000008.1	CDS	94798	94971	+	FBLNFP_12265	lanA	Lantibiotic	KEGG:K20482, RefSeq:WP_139008740.1, SO:0001217, UniParc:UPI000022DDEE, UniRef:UniRef100_Q76HP8, UniRef:UniRef50_P13068, UniRef:UniRef90_Q76HP8	GCF_006146065.1.tsv	GCF_006146065.1	84798	black	FBLNFP_12265	Lactococcus lactis nisin-Q	94971
NZ_WHVU01000008.1	CDS	9416	10123	+	LADOHE_00060	lanFEG	lanFEG lantibiotic protection ABC transporter ATP-binding	RefSeq:WP_153907231.1, SO:0001217, UniParc:UPI00129DE36C, UniRef:UniRef100_A0A650A9R3, UniRef:UniRef50_P0C0E3, UniRef:UniRef90_A0A650A9R3	GCF_009663495.1.tsv	GCF_009663495.1	7531	#d61c1c	LADOHE_00060	Staphylococcus capitis nisin-J	10123
NZ_WHVU01000008.1	CDS	10125	10871	+	LADOHE_00065	lanFEG	lanFEG ABC2 membrane superfamily	KEGG:K20491, RefSeq:WP_172694692.1, SO:0001217, UniParc:UPI0012B4F3CB, UniRef:UniRef100_A0A650A8U1, UniRef:UniRef50_A0A650A8U1, UniRef:UniRef90_A0A650A8U1	GCF_009663495.1.tsv	GCF_009663495.1	7531	#d61c1c	LADOHE_00065	Staphylococcus capitis nisin-J	10871
NZ_WHVU01000008.1	CDS	10868	11605	+	LADOHE_00070	lanFEG	lanFEG lantibiotic protection, ABC transporter	KEGG:K20492, SO:0001217, UniParc:UPI0012B4EE00, UniRef:UniRef100_A0A650A939, UniRef:UniRef50_A0A650A939, UniRef:UniRef90_A0A650A939	GCF_009663495.1.tsv	GCF_009663495.1	7531	#d61c1c	LADOHE_00070	Staphylococcus capitis nisin-J	11605
NZ_WHVU01000008.1	CDS	11630	14545	+	LADOHE_00075	lanB	lanB lantibiotic dehydratase	KEGG:K20483, RefSeq:WP_153907235.1, SO:0001217, UniParc:UPI00129D262D, UniRef:UniRef100_A0A650A8S3, UniRef:UniRef50_A0A650A8S3, UniRef:UniRef90_A0A650A8S3	GCF_009663495.1.tsv	GCF_009663495.1	7531	#0072BC	LADOHE_00075	Staphylococcus capitis nisin-J	14545
NZ_WHVU01000008.1	CDS	14718	16268	+	LADOHE_00080	lanT	lanT ABC transporter ATP-binding protein	RefSeq:WP_207104983.1, SO:0001217, UniParc:UPI0012B4F60C, UniRef:UniRef100_A0A650A8N7, UniRef:UniRef50_A0A650A8N7, UniRef:UniRef90_A0A650A8N7	GCF_009663495.1.tsv	GCF_009663495.1	7531	#d61c1c	LADOHE_00080	Staphylococcus capitis nisin-J	16268
NZ_WHVU01000008.1	CDS	16261	17490	+	LADOHE_00085	lanC	lanC Lanthionine synthetase C-like protein	KEGG:K20484, RefSeq:WP_153907239.1, SO:0001217, UniParc:UPI00129E525D, UniRef:UniRef100_A0A650A9B7, UniRef:UniRef50_A0A650A9B7, UniRef:UniRef90_A0A650A9B7	GCF_009663495.1.tsv	GCF_009663495.1	7531	#0072BC	LADOHE_00085	Staphylococcus capitis nisin-J	17490
NZ_WHVU01000008.1	CDS	17531	17713	+	LADOHE_00090	lanA	Lantibiotic	RefSeq:WP_153907241.1, SO:0001217, UniParc:UPI00129DB616, UniRef:UniRef100_A0A650A8S0, UniRef:UniRef50_A0A6C0GY48, UniRef:UniRef90_A0A650A8S0	GCF_009663495.1.tsv	GCF_009663495.1	7531	black	LADOHE_00090	Staphylococcus capitis nisin-J	17713
NZ_WHVU01000008.1	CDS	17833	19173	+	LADOHE_00095	lanP	lanP S8 family serine protease	RefSeq:WP_172694693.1, SO:0001217, UniParc:UPI0012B4B6B6, UniRef:UniRef100_A0A650A8R5, UniRef:UniRef50_A0A650A8R5, UniRef:UniRef90_A0A650A8R5	GCF_009663495.1.tsv	GCF_009663495.1	7531	#603C9A	LADOHE_00095	Staphylococcus capitis nisin-J	19173
NZ_WHVU01000008.1	CDS	19230	19625	+	LADOHE_00100	""	hypothetical protein	RefSeq:WP_153907246.1, SO:0001217, UniParc:UPI00129D5E95, UniRef:UniRef100_A0A650A8P1, UniRef:UniRef50_A0A650A8P1, UniRef:UniRef90_A0A650A8P1	GCF_009663495.1.tsv	GCF_009663495.1	7531	cornsilk	LADOHE_00100	Staphylococcus capitis nisin-J	19625
NZ_WHVU01000008.1	CDS	19717	20325	+	LADOHE_00105	spoIVCA	Site-specific DNA recombinase SpoIVCA/DNA invertase PinE	COG:COG1961, COG:L, RefSeq:WP_060545605.1, SO:0001217, UniParc:UPI00073B5E26, UniRef:UniRef100_A0A650A9D2, UniRef:UniRef50_P20384, UniRef:UniRef90_D2J728	GCF_009663495.1.tsv	GCF_009663495.1	7531	cornsilk	LADOHE_00105	Staphylococcus capitis nisin-J	20325
NZ_VUMT01000002.1	CDS	158609	159337	-	KAEPKB_05935	""	Stage 0 sporulation A-like protein	RefSeq:WP_154516668.1, SO:0001217, UniParc:UPI0012B3410A, UniRef:UniRef100_A0A6L5XVV5, UniRef:UniRef50_A0A6L5XVV5, UniRef:UniRef90_A0A6L5XVV5	GCF_009696045.1.tsv	GCF_009696045.1	157923	cornsilk	KAEPKB_05935	Velocimicrobium porci nisin-VP	159337
NZ_VUMT01000002.1	CDS	159483	160829	-	KAEPKB_05940	lanC	Lanthionine synthetase C family protein	KEGG:K20484, SO:0001217, UniParc:UPI0012B1E3A9, UniRef:UniRef100_A0A6L5XV83, UniRef:UniRef50_A0A6L5XV83, UniRef:UniRef90_A0A6L5XV83	GCF_009696045.1.tsv	GCF_009696045.1	157923	#0072BC	KAEPKB_05940	Velocimicrobium porci nisin-VP	160829
NZ_VUMT01000002.1	CDS	160831	162639	-	KAEPKB_05945	lanFEG	ABC transporter ATP-binding protein	SO:0001217, UniParc:UPI0012B28100, UniRef:UniRef100_A0A6L5XV75, UniRef:UniRef50_A0A6L5XV75, UniRef:UniRef90_A0A6L5XV75	GCF_009696045.1.tsv	GCF_009696045.1	157923	#d61c1c	KAEPKB_05945	Velocimicrobium porci nisin-VP	162639
NZ_VUMT01000002.1	CDS	162626	165706	-	KAEPKB_05950	lanC	Subtilin biosynthesis protein SpaB	KEGG:K20483, RefSeq:WP_154516674.1, SO:0001217, UniParc:UPI0012B1AB19, UniRef:UniRef100_A0A6L5XW28, UniRef:UniRef50_A0A6L5XW28, UniRef:UniRef90_A0A6L5XW28	GCF_009696045.1.tsv	GCF_009696045.1	157923	#0072BC	KAEPKB_05950	Velocimicrobium porci nisin-VP	165706
NZ_VUMT01000002.1	CDS	165775	167091	-	KAEPKB_05955	lanRK	histidine kinase	RefSeq:WP_154516677.1, SO:0001217, UniParc:UPI0012B3F9C8, UniRef:UniRef100_A0A6L5XWK5, UniRef:UniRef50_A0A6L5XWK5, UniRef:UniRef90_A0A6L5XWK5	GCF_009696045.1.tsv	GCF_009696045.1	157923	#FFD54E	KAEPKB_05955	Velocimicrobium porci nisin-VP	167091
NZ_VUMT01000002.1	CDS	167076	167744	-	KAEPKB_05960	""	Stage 0 sporulation A-like protein	RefSeq:WP_154516680.1, SO:0001217, UniParc:UPI0012B38EA6, UniRef:UniRef100_A0A6L5XVU9, UniRef:UniRef50_A0A286N5V9, UniRef:UniRef90_A0A6L5XVU9	GCF_009696045.1.tsv	GCF_009696045.1	157923	cornsilk	KAEPKB_05960	Velocimicrobium porci nisin-VP	167744
NZ_VUMT01000002.1	CDS	167923	168096	+	KAEPKB_05965	lanA	Gallidermin/nisin family lantibiotic	KEGG:K20482, RefSeq:WP_154516683.1, SO:0001217, UniParc:UPI0012B43EEB, UniRef:UniRef100_A0A6L5XV69, UniRef:UniRef50_A0A1L8CID9, UniRef:UniRef90_A0A6L5XV69	GCF_009696045.1.tsv	GCF_009696045.1	157923	black	KAEPKB_05965	Velocimicrobium porci nisin-VP	168096
NZ_VUMT01000002.1	CDS	168161	168334	+	KAEPKB_05970	lanA	Gallidermin/nisin family lantibiotic	KEGG:K20482, RefSeq:WP_154516686.1, SO:0001217, UniParc:UPI0012B39390, UniRef:UniRef100_A0A6L5XWD5, UniRef:UniRef50_A0A1L8CID9, UniRef:UniRef90_A0A6L5XWD5	GCF_009696045.1.tsv	GCF_009696045.1	157923	black	KAEPKB_05970	Velocimicrobium porci nisin-VP	168334
NZ_VUMT01000002.1	CDS	168522	169523	+	KAEPKB_05975	""	BIG2 domain-containing protein	RefSeq:WP_154516688.1, SO:0001217, UniParc:UPI0012B3F0C6, UniRef:UniRef100_A0A6L5XVF9, UniRef:UniRef50_A0A6L5XVF9, UniRef:UniRef90_A0A6L5XVF9	GCF_009696045.1.tsv	GCF_009696045.1	157923	cornsilk	KAEPKB_05975	Velocimicrobium porci nisin-VP	169523
NZ_VUMT01000002.1	CDS	169675	170376	+	KAEPKB_05980	lanFEG	Lantibiotic protection ABC transporter ATP-binding protein	RefSeq:WP_154516691.1, SO:0001217, UniParc:UPI0012B242F8, UniRef:UniRef100_A0A6L5XXL8, UniRef:UniRef50_A0A0D3Q8P4, UniRef:UniRef90_A0A6L5XXL8	GCF_009696045.1.tsv	GCF_009696045.1	157923	#d61c1c	KAEPKB_05980	Velocimicrobium porci nisin-VP	170376
NZ_VUMT01000002.1	CDS	170379	171107	+	KAEPKB_05985	lanFEG	Lantibiotic immunity ABC transporter MutE/EpiE family permease subunit	KEGG:K20491, RefSeq:WP_154516694.1, SO:0001217, UniParc:UPI0012B237DB, UniRef:UniRef100_A0A6L5XVW5, UniRef:UniRef50_R9K7I9, UniRef:UniRef90_A0A6L5XVW5	GCF_009696045.1.tsv	GCF_009696045.1	157923	#d61c1c	KAEPKB_05985	Velocimicrobium porci nisin-VP	171107
NZ_VUMT01000002.1	CDS	171107	171838	+	KAEPKB_05990	lanFEG	Lantibiotic immunity ABC transporter MutG family permease subunit	KEGG:K20492, RefSeq:WP_154516697.1, SO:0001217, UniParc:UPI0012B37E49, UniRef:UniRef100_A0A6L5XV91, UniRef:UniRef50_A0A6L5XV91, UniRef:UniRef90_A0A6L5XV91	GCF_009696045.1.tsv	GCF_009696045.1	157923	#d61c1c	KAEPKB_05990	Velocimicrobium porci nisin-VP	171838
NZ_VUMT01000002.1	CDS	171831	172661	+	KAEPKB_05995	lanI	NisI/SpaI family lantibiotic immunity lipoprotein	KEGG:K20489, RefSeq:WP_154516700.1, SO:0001217, UniParc:UPI0012B32B16, UniRef:UniRef100_A0A6L5XV86, UniRef:UniRef50_A0A6L5XV86, UniRef:UniRef90_A0A6L5XV86	GCF_009696045.1.tsv	GCF_009696045.1	157923	#d61c1c	KAEPKB_05995	Velocimicrobium porci nisin-VP	172661
NZ_VUMT01000002.1	CDS	172742	173404	+	KAEPKB_06000	""	Stage 0 sporulation A-like protein	RefSeq:WP_154516703.1, SO:0001217, UniParc:UPI0012B3F882, UniRef:UniRef100_A0A6L5XW37, UniRef:UniRef50_P33112, UniRef:UniRef90_A0A6L5XW37	GCF_009696045.1.tsv	GCF_009696045.1	157923	cornsilk	KAEPKB_06000	Velocimicrobium porci nisin-VP	173404
NZ_VUMT01000002.1	CDS	173392	174777	+	KAEPKB_06005	lanRK	histidine kinase	RefSeq:WP_154516705.1, SO:0001217, UniParc:UPI0012B419D6, UniRef:UniRef100_A0A6L5XWL5, UniRef:UniRef50_A0A6L5XWL5, UniRef:UniRef90_A0A6L5XWL5	GCF_009696045.1.tsv	GCF_009696045.1	157923	#FFD54E	KAEPKB_06005	Velocimicrobium porci nisin-VP	174777
NZ_CP053228.1	CDS	1263907	1264608	+	IFIEJI_06155	lanFEG	Lantibiotic ABC transporter ATP-binding protein	RefSeq:WP_171285517.1, SO:0001217, UniParc:UPI000A94CF68, UniRef:UniRef100_A0A1C7I7Z2, UniRef:UniRef50_P0C0E3, UniRef:UniRef90_A0A1C7I7Z2	GCF_013112015.1.tsv	GCF_013112015.1	1259377	#d61c1c	IFIEJI_06155	Blautia producta blauticin	1264608
NZ_CP053228.1	CDS	1264612	1265334	+	IFIEJI_06160	lanFEG	Lantibiotic ABC transporter permease	KEGG:K20491, RefSeq:WP_171285518.1, SO:0001217, UniParc:UPI00148AFFAF, UniRef:UniRef100_UPI00148AFFAF, UniRef:UniRef50_R9K7I9, UniRef:UniRef90_A0A1C7I824	GCF_013112015.1.tsv	GCF_013112015.1	1259377	#d61c1c	IFIEJI_06160	Blautia producta blauticin	1265334
NZ_CP053228.1	CDS	1265336	1266067	+	IFIEJI_06165	lanFEG	Lantibiotic ABC transporter permease	KEGG:K20492, RefSeq:WP_065541938.1, SO:0001217, UniParc:UPI00080C8444, UniRef:UniRef100_A0A1C7IA03, UniRef:UniRef50_R9KFI4, UniRef:UniRef90_A0A1C7IA03	GCF_013112015.1.tsv	GCF_013112015.1	1259377	#d61c1c	IFIEJI_06165	Blautia producta blauticin	1266067
NZ_CP053228.1	CDS	1266060	1266875	+	IFIEJI_06170	lanI	NisI/SpaI family lantibiotic immunity lipoprotein	KEGG:K20489, RefSeq:WP_065541937.1, SO:0001217, UniParc:UPI00080C6765, UniRef:UniRef100_A0A1C7IAA6, UniRef:UniRef50_A0A1C7IAA6, UniRef:UniRef90_A0A1C7IAA6	GCF_013112015.1.tsv	GCF_013112015.1	1259377	#d61c1c	IFIEJI_06170	Blautia producta blauticin	1266875
NZ_CP053228.1	CDS	1266937	1267596	+	IFIEJI_06175	""	Stage 0 sporulation A-like protein	RefSeq:WP_065541936.1, SO:0001217, UniParc:UPI00080C6F97, UniRef:UniRef100_A0A1C7IC03, UniRef:UniRef50_P33112, UniRef:UniRef90_A0A174BTR5	GCF_013112015.1.tsv	GCF_013112015.1	1259377	cornsilk	IFIEJI_06175	Blautia producta blauticin	1267596
NZ_CP053228.1	CDS	1267593	1268954	+	IFIEJI_06180	lanRK	histidine kinase	SO:0001217, UniRef:UniRef50_A0A174BQP0, UniRef:UniRef90_A0A1C7I814	GCF_013112015.1.tsv	GCF_013112015.1	1259377	#FFD54E	IFIEJI_06180	Blautia producta blauticin	1268954
NZ_CP053228.1	CDS	1269377	1269550	+	IFIEJI_06185	lanA	Gallidermin/nisin family lantibiotic	KEGG:K20482, RefSeq:WP_065541934.1, SO:0001217, UniParc:UPI00080C95D7, UniRef:UniRef100_A0A1C7I7X6, UniRef:UniRef50_K7X0T6, UniRef:UniRef90_A0A1C7I7X6	GCF_013112015.1.tsv	GCF_013112015.1	1259377	black	IFIEJI_06185	Blautia producta blauticin	1269550
NZ_CP053228.1	CDS	1269579	1269752	+	IFIEJI_06190	lanA	Gallidermin/nisin family lantibiotic	KEGG:K20482, RefSeq:WP_065541934.1, SO:0001217, UniParc:UPI00080C95D7, UniRef:UniRef100_A0A1C7I7X6, UniRef:UniRef50_K7X0T6, UniRef:UniRef90_A0A1C7I7X6	GCF_013112015.1.tsv	GCF_013112015.1	1259377	black	IFIEJI_06190	Blautia producta blauticin	1269752
NZ_CP053228.1	CDS	1269780	1269953	+	IFIEJI_06195	lanA	Gallidermin/nisin family lantibiotic	KEGG:K20482, RefSeq:WP_065541934.1, SO:0001217, UniParc:UPI00080C95D7, UniRef:UniRef100_A0A1C7I7X6, UniRef:UniRef50_K7X0T6, UniRef:UniRef90_A0A1C7I7X6	GCF_013112015.1.tsv	GCF_013112015.1	1259377	black	IFIEJI_06195	Blautia producta blauticin	1269953
NZ_CP053228.1	CDS	1269982	1270155	+	IFIEJI_06200	lanA	Gallidermin/nisin family lantibiotic	KEGG:K20482, RefSeq:WP_065541934.1, SO:0001217, UniParc:UPI00080C95D7, UniRef:UniRef100_A0A1C7I7X6, UniRef:UniRef50_K7X0T6, UniRef:UniRef90_A0A1C7I7X6	GCF_013112015.1.tsv	GCF_013112015.1	1259377	black	IFIEJI_06200	Blautia producta blauticin	1270155
NZ_CP053228.1	CDS	1270183	1270332	+	IFIEJI_06205	lanA	Lantibiotic	KEGG:K20482, RefSeq:WP_084043486.1, SO:0001217, UniParc:UPI0009C2C284, UniRef:UniRef100_A0A1V0QEL3, UniRef:UniRef50_A0A1V0QEL3, UniRef:UniRef90_A0A1V0QEL3	GCF_013112015.1.tsv	GCF_013112015.1	1259377	black	IFIEJI_06205	Blautia producta blauticin	1270332
NZ_CP053228.1	CDS	1270479	1271144	+	IFIEJI_06210	""	Stage 0 sporulation A-like protein	RefSeq:WP_065541933.1, SO:0001217, UniParc:UPI00080C5FCC, UniRef:UniRef100_A0A1C7I7Y2, UniRef:UniRef50_A0A286N5V9, UniRef:UniRef90_A0A1C7I7Y2	GCF_013112015.1.tsv	GCF_013112015.1	1259377	cornsilk	IFIEJI_06210	Blautia producta blauticin	1271144
NZ_CP053228.1	CDS	1271129	1272502	+	IFIEJI_06215	lanRK	histidine kinase	RefSeq:WP_065541932.1, SO:0001217, UniParc:UPI00080C73A6, UniRef:UniRef100_A0A1C7I815, UniRef:UniRef50_A0A1C7I815, UniRef:UniRef90_A0A1C7I815	GCF_013112015.1.tsv	GCF_013112015.1	1259377	#FFD54E	IFIEJI_06215	Blautia producta blauticin	1272502
NZ_CP053228.1	CDS	1272585	1275650	+	IFIEJI_06220	lanB	Lantibiotic dehydratase	KEGG:K20483, RefSeq:WP_065541931.1, SO:0001217, UniParc:UPI00080C622C, UniRef:UniRef100_A0A1C7I9Z6, UniRef:UniRef50_A0A1C7I9Z6, UniRef:UniRef90_A0A1C7I9Z6	GCF_013112015.1.tsv	GCF_013112015.1	1259377	#0072BC	IFIEJI_06220	Blautia producta blauticin	1275650
NZ_CP053228.1	CDS	1275637	1277442	+	IFIEJI_06225	lanFEG	ABC transporter ATP-binding protein	RefSeq:WP_065541930.1, SO:0001217, UniParc:UPI00080C7E43, UniRef:UniRef100_A0A1C7IA97, UniRef:UniRef50_P33116, UniRef:UniRef90_A0A1C7IA97	GCF_013112015.1.tsv	GCF_013112015.1	1259377	#d61c1c	IFIEJI_06225	Blautia producta blauticin	1277442
NZ_CP053228.1	CDS	1277445	1278767	+	IFIEJI_06230	lanC	Lanthionine synthetase C-like protein	KEGG:K20484, RefSeq:WP_065541929.1, SO:0001217, UniParc:UPI00080C9C80, UniRef:UniRef100_A0A1C7IBY8, UniRef:UniRef50_A0A1C7IBY8, UniRef:UniRef90_A0A1C7IBY8	GCF_013112015.1.tsv	GCF_013112015.1	1259377	#0072BC	IFIEJI_06230	Blautia producta blauticin	1278767
NZ_JALLFH010000001.1	CDS	265879	267252	+	JMBKLK_01400	lanP	Leader peptide-processing serine protease	SO:0001217, UniRef:UniRef50_F5X6Y0, UniRef:UniRef90_Q2QBT6	GCF_023061975.1.tsv	GCF_023061975.1	262256	#603C9A	JMBKLK_01400	Streptococcus uberis nisin-U	267252
NZ_JALLFH010000001.1	CDS	267293	267991	+	JMBKLK_01405	lanR	lanR	SO:0001217, UniParc:UPI000067AE65, UniRef:UniRef100_Q2QBT5, UniRef:UniRef50_Q07597, UniRef:UniRef90_Q2QBT5	GCF_023061975.1.tsv	GCF_023061975.1	262256	#FFD54E	JMBKLK_01405	Streptococcus uberis nisin-U	267991
NZ_JALLFH010000001.1	CDS	267972	268940	+	JMBKLK_01410	lanK	histidine kinase	SO:0001217, UniRef:UniRef50_T0UGT7	GCF_023061975.1.tsv	GCF_023061975.1	262256	#FFD54E	JMBKLK_01410	Streptococcus uberis nisin-U	268940
NZ_JALLFH010000001.1	CDS	268972	269319	+	JMBKLK_01415	lanK	Nisin biosynthesis sensor protein nisK	SO:0001217, UniRef:UniRef50_T0UPY6	GCF_023061975.1.tsv	GCF_023061975.1	262256	#FFD54E	JMBKLK_01415	Streptococcus uberis nisin-U	269319
NZ_JALLFH010000001.1	CDS	269411	270103	+	JMBKLK_01420	lanF	lanF	SO:0001217, UniRef:UniRef50_A0A447UD57, UniRef:UniRef90_Q2QBT3	GCF_023061975.1.tsv	GCF_023061975.1	262256	#d61c1c	JMBKLK_01420	Streptococcus uberis nisin-U	270103
NZ_JALLFH010000001.1	CDS	270105	270851	+	JMBKLK_01425	lanE	lanE	KEGG:K20491, RefSeq:WP_203268091.1, SO:0001217, UniParc:UPI00193A6848, UniRef:UniRef100_Q2QBT2, UniRef:UniRef50_E1LK17, UniRef:UniRef90_Q2QBT2	GCF_023061975.1.tsv	GCF_023061975.1	262256	#d61c1c	JMBKLK_01425	Streptococcus uberis nisin-U	270851
NZ_JALLFH010000001.1	CDS	270820	271512	+	JMBKLK_01430	lanG	lanG	SO:0001217, UniRef:UniRef50_E9FKV5, UniRef:UniRef90_Q2QBT1	GCF_023061975.1.tsv	GCF_023061975.1	262256	#d61c1c	JMBKLK_01430	Streptococcus uberis nisin-U	271512
NZ_JALLFH010000001.1	CDS	272256	272423	+	JMBKLK_01435	lanA	gallidermin/nisin family lantibiotic	KEGG:K20482, RefSeq:WP_247212169.1, SO:0001217, UniParc:UPI001FF32F24, UniRef:UniRef100_UPI001FF32F24, UniRef:UniRef50_P13068, UniRef:UniRef90_UPI001FF6E17F	GCF_023061975.1.tsv	GCF_023061975.1	262256	black	JMBKLK_01435	Streptococcus uberis nisin-U	272423
NZ_JALLFH010000001.1	CDS	272669	275644	+	JMBKLK_01440	lanB	Lantibiotic dehydratase	SO:0001217, UniParc:UPI000067AE6B, UniRef:UniRef100_Q2QBS9, UniRef:UniRef50_F5X6X3, UniRef:UniRef90_F5X6X3	GCF_023061975.1.tsv	GCF_023061975.1	262256	#0072BC	JMBKLK_01440	Streptococcus uberis nisin-U	275644
NZ_JALLFH010000001.1	CDS	275637	276749	+	JMBKLK_01445	""	hypothetical protein	SO:0001217, UniRef:UniRef50_UPI001E6193BA, UniRef:UniRef90_UPI001E6193BA	GCF_023061975.1.tsv	GCF_023061975.1	262256	#d61c1c	JMBKLK_01445	Streptococcus uberis nisin-U	276749
NZ_JALLFH010000001.1	CDS	276784	277434	+	JMBKLK_01450	lanFEG	ATP-binding cassette domain-containing protein	RefSeq:WP_247212172.1, SO:0001217, UniParc:UPI001FF2B822, UniRef:UniRef100_UPI001FF2B822, UniRef:UniRef50_UPI001FF2B822, UniRef:UniRef90_UPI001FF2B822	GCF_023061975.1.tsv	GCF_023061975.1	262256	#d61c1c	JMBKLK_01450	Streptococcus uberis nisin-U	277434
NZ_JALLFH010000001.1	CDS	277427	278704	+	JMBKLK_01455	lanC	lanC	KEGG:K20484, RefSeq:WP_203268086.1, SO:0001217, UniParc:UPI001939C592, UniRef:UniRef100_UPI001939C592, UniRef:UniRef50_F5X6X2, UniRef:UniRef90_Q2QBS7	GCF_023061975.1.tsv	GCF_023061975.1	262256	#0072BC	JMBKLK_01455	Streptococcus uberis nisin-U	278704
NZ_JALLFH010000001.1	CDS	278706	279422	+	JMBKLK_01460	lanI	lanI	KEGG:K20489, RefSeq:WP_203268085.1, SO:0001217, UniParc:UPI001939F7C3, UniRef:UniRef100_UPI001939F7C3, UniRef:UniRef50_A0A0Z8KJI3, UniRef:UniRef90_Q2QBS6	GCF_023061975.1.tsv	GCF_023061975.1	262256	#d61c1c	JMBKLK_01460	Streptococcus uberis nisin-U	279422
NZ_JALLFH010000001.1	CDS	279680	279832	+	JMBKLK_01465	tnp	Transposase	SO:0001217, UniRef:UniRef50_E7S8D2	GCF_023061975.1.tsv	GCF_023061975.1	262256	cornsilk	JMBKLK_01465	Streptococcus uberis nisin-U	279832
NZ_JAQMJI010000027.1	CDS	9186	9872	-	AOJFFK_05665	lanRK	Response regulator	RefSeq:WP_195320674.1, SO:0001217, UniParc:UPI001899307C, UniRef:UniRef100_UPI001899307C, UniRef:UniRef50_Q07597, UniRef:UniRef90_A0A0E3X5V1	GCF_028325685.1.tsv	GCF_028325685.1	7882	#FFD54E	AOJFFK_05665	Streptococcus salivarius	9872
NZ_JAQMJI010000027.1	CDS	9927	11687	-	AOJFFK_05670	lanP	Peptidase	SO:0001217, UniRef:UniRef50_A0A0E3SZE1	GCF_028325685.1.tsv	GCF_028325685.1	7882	#603C9A	AOJFFK_05670	Streptococcus salivarius	11687
NZ_JAQMJI010000027.1	CDS	11758	12984	-	AOJFFK_05675	lanC	Lanthionine synthetase	KEGG:K20484, RefSeq:WP_195320625.1, SO:0001217, UniParc:UPI001898280E, UniRef:UniRef100_UPI001898280E, UniRef:UniRef50_Q03202, UniRef:UniRef90_A0A0E3T0V7	GCF_028325685.1.tsv	GCF_028325685.1	7882	#0072BC	AOJFFK_05675	Streptococcus salivarius	12984
NZ_JAQMJI010000027.1	CDS	12977	14779	-	AOJFFK_05680	lanT	Transporter	RefSeq:WP_195320624.1, SO:0001217, UniParc:UPI001897DB4F, UniRef:UniRef100_UPI001897DB4F, UniRef:UniRef50_Q03203, UniRef:UniRef90_A0A0E3SZS0	GCF_028325685.1.tsv	GCF_028325685.1	7882	#d61c1c	AOJFFK_05680	Streptococcus salivarius	14779
NZ_JAQMJI010000027.1	CDS	14781	17771	-	AOJFFK_05685	lanB	Lantibiotic dehydratase	KEGG:K20483, RefSeq:WP_195320623.1, SO:0001217, UniParc:UPI0018986B5A, UniRef:UniRef100_UPI0018986B5A, UniRef:UniRef50_P20103, UniRef:UniRef90_A0A0E3X640	GCF_028325685.1.tsv	GCF_028325685.1	7882	#0072BC	AOJFFK_05685	Streptococcus salivarius	17771
NZ_JAQMJI010000027.1	CDS	17882	18055	-	AOJFFK_05690	lanA	gallidermin/nisin family lantibiotic	KEGG:K20482, RefSeq:WP_195320622.1, SO:0001217, UniParc:UPI001899298B, UniRef:UniRef100_UPI001899298B, UniRef:UniRef50_P13068, UniRef:UniRef90_UPI001899298B	GCF_028325685.1.tsv	GCF_028325685.1	7882	black	AOJFFK_05690	Streptococcus salivarius	18055
NZ_JAQMJI010000027.1	CDS	18411	18584	-	AOJFFK_05695l	lanA	gallidermin/nisin family lantibiotic	KEGG:K20482, SO:0001217, UniRef:UniRef50_P13068, UniRef:UniRef90_UPI001899298B	GCF_028325685.1.tsv	GCF_028325685.1	7882	black	AOJFFK_05695	Streptococcus salivarius	18584
NZ_JAQMJI010000027.1	CDS	19125	19415	+	AOJFFK_05705	tnp	Mutator family transposase	SO:0001217, UniRef:UniRef50_G6EQN6	GCF_028325685.1.tsv	GCF_028325685.1	7882	cornsilk	AOJFFK_05705	Streptococcus salivarius	19415
NZ_JAQMJI010000027.1	CDS	19432	19971	+	AOJFFK_05710	tnp	Mutator family transposase	SO:0001217, UniRef:UniRef50_G2KWV5	GCF_028325685.1.tsv	GCF_028325685.1	7882	cornsilk	AOJFFK_05710	Streptococcus salivarius	19971
NZ_JAQMJI010000027.1	CDS	20059	20520	+	AOJFFK_05715	tnp	IS3 family transposase	SO:0001217, UniParc:UPI001E405680, UniRef:UniRef100_UPI001E405680, UniRef:UniRef50_A0A413A4L1, UniRef:UniRef90_A0A428AU43	GCF_028325685.1.tsv	GCF_028325685.1	7882	cornsilk	AOJFFK_05715	Streptococcus salivarius	20520
NZ_JAQMJI010000027.1	CDS	21225	21902	+	AOJFFK_05720	lanFEG	ABC transporter	RefSeq:WP_195320621.1, SO:0001217, UniParc:UPI001899B62D, UniRef:UniRef100_UPI001899B62D, UniRef:UniRef50_A0A447UD57, UniRef:UniRef90_A0A0E3X5G4	GCF_028325685.1.tsv	GCF_028325685.1	7882	#d61c1c	AOJFFK_05720	Streptococcus salivarius	21902
NZ_JAQMJI010000027.1	CDS	21904	22611	+	AOJFFK_05725	lanFEG	ABC transporter	KEGG:K20491, RefSeq:WP_195320620.1, SO:0001217, UniParc:UPI0018978184, UniRef:UniRef100_UPI0018978184, UniRef:UniRef50_T1ZFU3, UniRef:UniRef90_A0A0E3X6Q5	GCF_028325685.1.tsv	GCF_028325685.1	7882	#d61c1c	AOJFFK_05725	Streptococcus salivarius	22611
NZ_JAQMJI010000027.1	CDS	22615	23259	+	AOJFFK_05730	lanFEG	ABC transporter	SO:0001217, UniRef:UniRef50_A0A0E3SZE5, UniRef:UniRef90_A0A0E3SZE5	GCF_028325685.1.tsv	GCF_028325685.1	7882	#d61c1c	AOJFFK_05730	Streptococcus salivarius	23259
NZ_JAQMJI010000027.1	CDS	23303	23911	-	AOJFFK_05735	""	Integrase catalytic domain-containing protein	SO:0001217, UniRef:UniRef50_A0A8D6U7Y0	GCF_028325685.1.tsv	GCF_028325685.1	7882	cornsilk	AOJFFK_05735	Streptococcus salivarius	23911
KP793707.1	CDS	130	303	+	BDCGMA_00005	lanA	Lantibiotic	KEGG:K20482, SO:0001217, UniParc:UPI000618AEB0, UniRef:UniRef100_A0A0E3X6Q0, UniRef:UniRef50_P13068, UniRef:UniRef90_A0A0E3X6Q0	Hyo.tsv	Hyo	-9870	black	BDCGMA_00005	Streptococcus hyointestinalis nisin-H	303
KP793707.1	CDS	408	3398	+	BDCGMA_00010	lanB	Lantibiotic dehydratase	KEGG:K20483, SO:0001217, UniParc:UPI000618BDE2, UniRef:UniRef100_A0A0E3X640, UniRef:UniRef50_P20103, UniRef:UniRef90_A0A0E3X640	Hyo.tsv	Hyo	-9870	#0072BC	BDCGMA_00010	Streptococcus hyointestinalis nisin-H	3398
KP793707.1	CDS	3400	5202	+	BDCGMA_00015	lanFEG	Transporter	SO:0001217, UniParc:UPI000618ABEB, UniRef:UniRef100_A0A0E3SZS0, UniRef:UniRef50_Q03203, UniRef:UniRef90_A0A0E3SZS0	Hyo.tsv	Hyo	-9870	#d61c1c	BDCGMA_00015	Streptococcus hyointestinalis nisin-H	5202
KP793707.1	CDS	5195	6430	+	BDCGMA_00020	lanC	Lanthionine synthetase	KEGG:K20484, SO:0001217, UniParc:UPI000618D5A2, UniRef:UniRef100_A0A0E3T0V7, UniRef:UniRef50_Q03202, UniRef:UniRef90_A0A0E3T0V7	Hyo.tsv	Hyo	-9870	#0072BC	BDCGMA_00020	Streptococcus hyointestinalis nisin-H	6430
KP793707.1	CDS	6491	8239	+	BDCGMA_00025	lanP	Peptidase	SO:0001217, UniRef:UniRef50_A0A0E3SZE1, UniRef:UniRef90_A0A0E3SZE1	Hyo.tsv	Hyo	-9870	#603C9A	BDCGMA_00025	Streptococcus hyointestinalis nisin-H	8239
KP793707.1	CDS	8414	9571	-	BDCGMA_00030	tnp	IS110 family transposase	RefSeq:WP_115269465.1, SO:0001217, UniParc:UPI000618D4C3, UniRef:UniRef100_A0A0E3X5G8, UniRef:UniRef50_A0A380K9F2, UniRef:UniRef90_A0A380K9F2	Hyo.tsv	Hyo	-9870	cornsilk	BDCGMA_00030	Streptococcus hyointestinalis nisin-H	9571
KP793707.1	CDS	9849	10535	+	BDCGMA_00035	lanRK	Response regulator	SO:0001217, UniParc:UPI000618CAC1, UniRef:UniRef100_A0A0E3X5V1, UniRef:UniRef50_Q07597, UniRef:UniRef90_A0A0E3X5V1	Hyo.tsv	Hyo	-9870	#FFD54E	BDCGMA_00035	Streptococcus hyointestinalis nisin-H	10535
assembly_6844634a21f9468f_1	CDS	1306294	1306980	-	HBIJEP_06405	lanRK	Nisin biosynthesis regulatory protein NisR	GO:0000160, GO:0003677, GO:0006355, RefSeq:WP_014734918.1, SO:0001217, UniParc:UPI000016F8B3, UniRef:UniRef100_A0A2A9IQB6, UniRef:UniRef50_Q07597, UniRef:UniRef90_Q07597	Lactococcus_lactis_subsp_lactis_ATCC_11454.tsv	Lactococcus_lactis_subsp_lactis_ATCC_11454	1305972	#FFD54E	HBIJEP_06405	Lactococcus lactis subsp. lactis nisin-A	1306980
assembly_6844634a21f9468f_1	CDS	1307049	1309097	-	HBIJEP_06410	lanP	Nisin leader peptide-processing serine protease lanP	EC:3.4.21.-, GO:0004252, GO:0005576, GO:0006508, RefSeq:WP_014570410.1, SO:0001217, UniParc:UPI000016F8B2, UniRef:UniRef100_UPI000016F8B2, UniRef:UniRef50_Q07596, UniRef:UniRef90_Q07596	Lactococcus_lactis_subsp_lactis_ATCC_11454.tsv	Lactococcus_lactis_subsp_lactis_ATCC_11454	1305972	#603C9A	HBIJEP_06410	Lactococcus lactis subsp. lactis nisin-A	1309097
assembly_6844634a21f9468f_1	CDS	1309099	1309836	-	HBIJEP_06415	lanI	Nisin immunity protein	GO:0005886, GO:0030153, KEGG:K20489, RefSeq:WP_014570409.1, SO:0001217, UniParc:UPI0000031575, UniRef:UniRef100_P42708, UniRef:UniRef50_P42708, UniRef:UniRef90_P42708	Lactococcus_lactis_subsp_lactis_ATCC_11454.tsv	Lactococcus_lactis_subsp_lactis_ATCC_11454	1305972	#d61c1c	HBIJEP_06415	Lactococcus lactis subsp. lactis nisin-A	1309836
assembly_6844634a21f9468f_1	CDS	1309833	1311077	-	HBIJEP_06420	lanC	lanin biosynthesis protein NisC	KEGG:K20484, RefSeq:WP_043991124.1, SO:0001217, UniParc:UPI0000031574, UniRef:UniRef100_Q03202, UniRef:UniRef50_Q03202, UniRef:UniRef90_Q03202	Lactococcus_lactis_subsp_lactis_ATCC_11454.tsv	Lactococcus_lactis_subsp_lactis_ATCC_11454	1305972	#0072BC	HBIJEP_06420	Lactococcus lactis subsp. lactis nisin-A	1311077
assembly_6844634a21f9468f_1	CDS	1311070	1312872	-	HBIJEP_06425	lanT	Nisin transport ATP-binding protein NisT	GO:0005524, GO:0005886, GO:0015031, GO:0043213, GO:0140359, RefSeq:WP_014570407.1, SO:0001217, UniParc:UPI0000031573, UniRef:UniRef100_D9IXB7, UniRef:UniRef50_Q03203, UniRef:UniRef90_Q03203	Lactococcus_lactis_subsp_lactis_ATCC_11454.tsv	Lactococcus_lactis_subsp_lactis_ATCC_11454	1305972	#d61c1c	HBIJEP_06425	Lactococcus lactis subsp. lactis nisin-A	1312872
assembly_6844634a21f9468f_1	CDS	1312883	1315864	-	HBIJEP_06430	lanB	Nisin biosynthesis protein NisB	GO:0005886, RefSeq:WP_014570406.1, SO:0001217, UniParc:UPI000200CCD8, UniRef:UniRef100_UPI000200CCD8, UniRef:UniRef50_P20103, UniRef:UniRef90_P20103	Lactococcus_lactis_subsp_lactis_ATCC_11454.tsv	Lactococcus_lactis_subsp_lactis_ATCC_11454	1305972	#0072BC	HBIJEP_06430	Lactococcus lactis subsp. lactis nisin-A	1315864
assembly_6844634a21f9468f_1	CDS	1315972	1316145	-	HBIJEP_06435	lanA	Lantibiotic nisin-Z	GO:0005102, GO:0005576, GO:0019835, GO:0042742, KEGG:K20482, RefSeq:WP_014570405.1, SO:0001217, UniParc:UPI0000000F30, UniRef:UniRef100_P13068, UniRef:UniRef50_P13068, UniRef:UniRef90_P13068	Lactococcus_lactis_subsp_lactis_ATCC_11454.tsv	Lactococcus_lactis_subsp_lactis_ATCC_11454	1305972	black	HBIJEP_06435	Lactococcus lactis subsp. lactis nisin-A	1316145
AP012281.1	CDS	599615	599788	+	JOABFC_03025	lanA	Lantibiotic nisin-Z	GO:0005102, GO:0005576, GO:0019835, GO:0042742, KEGG:K20482, RefSeq:WP_015425978.1, SO:0001217, UniParc:UPI000000071E, UniRef:UniRef100_P29559, UniRef:UniRef50_P13068, UniRef:UniRef90_P13068	Lactococcus_lactis_subsp_lactis_IO-1.tsv	Lactococcus_lactis_subsp_lactis_IO-1	589615	black	JOABFC_03025	Lactococcus_lactis_subsp_lactis_IO-1	599788
AP012281.1	CDS	599896	602877	+	JOABFC_03030	lanB	Nisin biosynthesis protein NisB	GO:0005886, RefSeq:WP_015425979.1, SO:0001217, UniParc:UPI00024D9049, UniRef:UniRef100_H5SXJ4, UniRef:UniRef50_P20103, UniRef:UniRef90_P20103	Lactococcus_lactis_subsp_lactis_IO-1.tsv	Lactococcus_lactis_subsp_lactis_IO-1	589615	#0072BC	JOABFC_03030	Lactococcus_lactis_subsp_lactis_IO-1	602877
AP012281.1	CDS	602888	604690	+	JOABFC_03035	lanT	Nisin transport ATP-binding protein NisT	GO:0005524, GO:0005886, GO:0015031, GO:0043213, GO:0140359, RefSeq:WP_015425980.1, SO:0001217, UniParc:UPI00024D904A, UniRef:UniRef100_H5SXJ5, UniRef:UniRef50_Q03203, UniRef:UniRef90_Q03203	Lactococcus_lactis_subsp_lactis_IO-1.tsv	Lactococcus_lactis_subsp_lactis_IO-1	589615	#d61c1c	JOABFC_03035	Lactococcus_lactis_subsp_lactis_IO-1	604690
AP012281.1	CDS	604683	605927	+	JOABFC_03040	lanC	Nisin biosynthesis protein NisC	KEGG:K20484, RefSeq:WP_015425981.1, SO:0001217, UniParc:UPI0001DBB575, UniRef:UniRef100_D9IXB8, UniRef:UniRef50_Q03202, UniRef:UniRef90_Q03202	Lactococcus_lactis_subsp_lactis_IO-1.tsv	Lactococcus_lactis_subsp_lactis_IO-1	589615	#0072BC	JOABFC_03040	Lactococcus_lactis_subsp_lactis_IO-1	605927
AP012281.1	CDS	605924	606661	+	JOABFC_03045	lanI	Nisin immunity protein	GO:0005886, GO:0030153, KEGG:K20489, RefSeq:WP_015425983.1, SO:0001217, UniParc:UPI00024D904C, UniRef:UniRef100_H5SXJ8, UniRef:UniRef50_P42708, UniRef:UniRef90_P42708	Lactococcus_lactis_subsp_lactis_IO-1.tsv	Lactococcus_lactis_subsp_lactis_IO-1	589615	#d61c1c	JOABFC_03045	Lactococcus_lactis_subsp_lactis_IO-1	606661
AP012281.1	CDS	606663	608711	+	JOABFC_03050	lanP	Nisin leader peptide-processing serine protease lanP	EC:3.4.21.-, GO:0004252, GO:0005576, GO:0006508, RefSeq:WP_015425984.1, SO:0001217, UniParc:UPI00024D904D, UniRef:UniRef100_H5SXJ9, UniRef:UniRef50_Q07596, UniRef:UniRef90_Q07596	Lactococcus_lactis_subsp_lactis_IO-1.tsv	Lactococcus_lactis_subsp_lactis_IO-1	589615	#603C9A	JOABFC_03050	Lactococcus_lactis_subsp_lactis_IO-1	608711
AP012281.1	CDS	608780	609466	+	JOABFC_03055	lanRK	Nisin biosynthesis regulatory protein NisR	GO:0000160, GO:0003677, GO:0006355, RefSeq:WP_014734918.1, SO:0001217, UniParc:UPI000016F8B3, UniRef:UniRef100_A0A2A9IQB6, UniRef:UniRef50_Q07597, UniRef:UniRef90_Q07597	Lactococcus_lactis_subsp_lactis_IO-1.tsv	Lactococcus_lactis_subsp_lactis_IO-1	589615	#FFD54E	JOABFC_03055	Lactococcus_lactis_subsp_lactis_IO-1	609466
AP012281.1	CDS	609459	610802	+	JOABFC_03060	lanRK	Nisin biosynthesis sensor protein NisK	EC:2.7.13.3, GO:0000155, GO:0005524, GO:0005886, RefSeq:WP_015425985.1, SO:0001217, UniParc:UPI00024D904E, UniRef:UniRef100_H5SXK1, UniRef:UniRef50_P42707, UniRef:UniRef90_P42707	Lactococcus_lactis_subsp_lactis_IO-1.tsv	Lactococcus_lactis_subsp_lactis_IO-1	589615	#FFD54E	JOABFC_03060	Lactococcus_lactis_subsp_lactis_IO-1	610802
WIDP01000009.1	CDS	13766	15139	+	NHHCHB_07225	lanP	Leader peptide-processing serine protease	RefSeq:WP_000719507.1, SO:0001217, UniParc:UPI0002BBDC18, UniRef:UniRef100_A0A6C0GXE4, UniRef:UniRef50_F5X6Y0, UniRef:UniRef90_F5X6Y0	Strep_agalactiae_nisinP.tsv	Strep_agalactiae_nisinP	9832	#603C9A	NHHCHB_07225	Streptococcus agalactiae nisin-P	15139
WIDP01000009.1	CDS	15180	15878	+	NHHCHB_07230	lanRK	Two-component system, response regulator, lantibiotic associated	RefSeq:WP_000276751.1, SO:0001217, UniParc:UPI0002BB0EC5, UniRef:UniRef100_A0A6C0GXH6, UniRef:UniRef50_Q07597, UniRef:UniRef90_F5X6X9	Strep_agalactiae_nisinP.tsv	Strep_agalactiae_nisinP	9832	#FFD54E	NHHCHB_07230	Streptococcus agalactiae nisin-P	15878
WIDP01000009.1	CDS	15856	17199	+	NHHCHB_07235	lanRK	histidine kinase	RefSeq:WP_000977993.1, SO:0001217, UniParc:UPI0001F599C3, UniRef:UniRef100_A0A6C0GYU4, UniRef:UniRef50_F5X6X8, UniRef:UniRef90_F5X6X8	Strep_agalactiae_nisinP.tsv	Strep_agalactiae_nisinP	9832	#FFD54E	NHHCHB_07235	Streptococcus agalactiae nisin-P	17199
WIDP01000009.1	CDS	17389	18090	+	NHHCHB_07240	lanFEG	Lantibiotic protection ABC transporter ATP-binding protein	RefSeq:WP_000452012.1, SO:0001217, UniParc:UPI0001F599C4, UniRef:UniRef100_A0A2I7ZF02, UniRef:UniRef50_A0A447UD57, UniRef:UniRef90_A0A116MJ58	Strep_agalactiae_nisinP.tsv	Strep_agalactiae_nisinP	9832	#d61c1c	NHHCHB_07240	Streptococcus agalactiae nisin-P	18090
WIDP01000009.1	CDS	18083	18820	+	NHHCHB_07245	lanFEG	Lantibiotic protection ABC transporter permease protein	RefSeq:WP_000181737.1, SO:0001217, UniParc:UPI0001F599C5, UniRef:UniRef100_A0A6B9RNH4, UniRef:UniRef50_E1LK17, UniRef:UniRef90_F5X6X6	Strep_agalactiae_nisinP.tsv	Strep_agalactiae_nisinP	9832	#d61c1c	NHHCHB_07245	Streptococcus agalactiae nisin-P	18820
WIDP01000009.1	CDS	18798	19484	+	NHHCHB_07250	lanFEG	ABC transporter permease	KEGG:K20492, RefSeq:WP_001033677.1, SO:0001217, UniParc:UPI0001F599C6, UniRef:UniRef100_A0A6C0GYI8, UniRef:UniRef50_E9FKV5, UniRef:UniRef90_A0A1X9I3I2	Strep_agalactiae_nisinP.tsv	Strep_agalactiae_nisinP	9832	#d61c1c	NHHCHB_07250	Streptococcus agalactiae nisin-P	19484
WIDP01000009.1	CDS	19832	19999	+	NHHCHB_07255	lanA	Lantibiotic	KEGG:K20482, RefSeq:WP_001058290.1, SO:0001217, UniParc:UPI0001F67721, UniRef:UniRef100_A0A6C0GY48, UniRef:UniRef50_A0A6C0GY48, UniRef:UniRef90_A0A6C0GY48	Strep_agalactiae_nisinP.tsv	Strep_agalactiae_nisinP	9832	black	NHHCHB_07255	Streptococcus agalactiae nisin-P	19999
WIDP01000009.1	CDS	20240	23215	+	NHHCHB_07260	lanA	Lantibiotic dehydratase	RefSeq:WP_166724121.1, SO:0001217, UniParc:UPI001419E8FA, UniRef:UniRef100_A0A8I2JUP6, UniRef:UniRef50_F5X6X3, UniRef:UniRef90_F5X6X3	Strep_agalactiae_nisinP.tsv	Strep_agalactiae_nisinP	9832	#0072BC	NHHCHB_07260	Streptococcus agalactiae nisin-P	23215
WIDP01000009.1	CDS	23196	25004	+	NHHCHB_07265	lanT	lanT	RefSeq:WP_000536729.1, SO:0001217, UniParc:UPI0001F599C8, UniRef:UniRef100_A0A6C0GXW9, UniRef:UniRef50_Q03203, UniRef:UniRef90_A0A116MYD2	Strep_agalactiae_nisinP.tsv	Strep_agalactiae_nisinP	9832	#d61c1c	NHHCHB_07265	Streptococcus agalactiae nisin-P	25004
WIDP01000009.1	CDS	24997	26274	+	NHHCHB_07270	lanC	Lanthionine synthetase C-like protein	RefSeq:WP_000344171.1, SO:0001217, UniParc:UPI0001F599C9, UniRef:UniRef100_A0A6C0GY16, UniRef:UniRef50_F5X6X2, UniRef:UniRef90_F5X6X2	Strep_agalactiae_nisinP.tsv	Strep_agalactiae_nisinP	9832	#0072BC	NHHCHB_07270	Streptococcus agalactiae nisin-P	26274
WIDP01000009.1	CDS	26276	26992	+	NHHCHB_07275	lanI	Immunity protein	RefSeq:WP_001226539.1, SO:0001217, UniParc:UPI0001F599CA, UniRef:UniRef100_A0A6C0GXF1, UniRef:UniRef50_A0A0Z8KJI3, UniRef:UniRef90_A0A1D8H033	Strep_agalactiae_nisinP.tsv	Strep_agalactiae_nisinP	9832	#d61c1c	NHHCHB_07275	Streptococcus agalactiae nisin-P	26992
